region,sms,mc_50,mc_10,mc_25,mc_75,mc_90
Southern,44521.51898734177,79505.06329113925,43074.64788732395,57506.329113924054,109662.02531645569,152769.01408450704
Northeastern,48496.0,91352.0,49101.21951219512,65479.0,129576.0,181926.82926829267
Midwestern,44225.35211267605,78180.28169014085,43076.5625,57026.76056338028,107594.3661971831,147689.0625
California,51032.142857142855,93132.14285714286,47777.27272727273,67153.57142857143,127350.0,167909.0909090909
Western,44414.28571428572,78200.0,42985.294117647056,56580.95238095238,106026.19047619047,143823.5294117647
