school_type,sms,mc_50,mc_10,mc_25,mc_75,mc_90
Engineering,59057.89473684211,103842.1052631579,61793.333333333336,81384.21052631579,134868.42105263157,173333.33333333334
Liberal Arts,45746.8085106383,89378.72340425532,47478.57142857143,61936.17021276596,131076.59574468085,191142.85714285713
Party,45715.0,84685.0,44052.63157894737,60005.0,118100.0,166947.36842105264
Ivy League,60475.0,120125.0,57900.0,82787.5,184125.0,269625.0
State,44126.28571428572,78567.42857142857,41886.28571428572,56689.71428571428,106970.85714285714,147571.42857142858
