region,sms,mc_50,mc_10,mc_25,mc_75,mc_90
Southern,44623.75,79520.0,43168.055555555555,57587.5,109616.25,152619.44444444444
Northeastern,48496.0,91352.0,49101.21951219512,65479.0,129576.0,181926.82926829267
Midwestern,44225.35211267605,78181.69014084506,42829.230769230766,57026.76056338028,107594.3661971831,146764.61538461538
California,51032.142857142855,93132.14285714286,47165.217391304344,67153.57142857143,127350.0,165869.5652173913
Western,44414.28571428572,78200.0,42985.294117647056,56580.95238095238,106026.19047619047,143823.5294117647
