school_type,sms,mc_50,mc_10,mc_25,mc_75,mc_90
Engineering,59305.0,104150.0,61425.0,81420.0,135175.0,176000.0
Private,46714.49275362319,83656.52173913043,46773.846153846156,61105.79710144927,117115.9420289855,166326.15384615384
Liberal Arts,45748.936170212764,89461.70212765958,47660.0,62112.765957446805,131182.97872340426,190000.0
Party,45714.28571428572,84742.85714285714,44170.0,59976.19047619047,118142.85714285714,167500.0
State,43912.820512820515,77815.38461538461,41973.68421052631,56248.07692307692,105646.79487179487,145836.18421052632
Ivy League,60475.0,120125.0,57900.0,82787.5,184125.0,269625.0
